{"cameraMode":{"drawMode":0,"name":"Shaded","section":"Shading Mode"},"sceneLighting":true,"audioPlay":false,"sceneViewState":{"m_AlwaysRefresh":false,"showFog":true,"showSkybox":true,"showFlares":true,"showImageEffects":true,"showParticleSystems":true,"showVisualEffectGraphs":true,"m_FxEnabled":true},"in2DMode":false,"pivot":{"x":58.5228385925293,"y":33.85014343261719,"z":-159.1973876953125},"rotation":{"x":0.043324150145053866,"y":-0.08621826022863388,"z":-0.0037528141401708128,"w":-0.9953292012214661},"size":-5.741149425506592,"orthographic":false}